"",BBSIS.M.I.ZST.B0.EUR.S1311.B.A604._Z.R.A.A._Z._Z.A,BBSIS.M.I.ZST.B0.EUR.S1311.B.A604._Z.R.A.A._Z._Z.A_FLAGS,BBSIS.M.I.ZST.B1.EUR.S1311.B.A604._Z.R.A.A._Z._Z.A,BBSIS.M.I.ZST.B1.EUR.S1311.B.A604._Z.R.A.A._Z._Z.A_FLAGS,BBSIS.M.I.ZST.B2.EUR.S1311.B.A604._Z.R.A.A._Z._Z.A,BBSIS.M.I.ZST.B2.EUR.S1311.B.A604._Z.R.A.A._Z._Z.A_FLAGS,BBSIS.M.I.ZST.B3.EUR.S1311.B.A604._Z.R.A.A._Z._Z.A,BBSIS.M.I.ZST.B3.EUR.S1311.B.A604._Z.R.A.A._Z._Z.A_FLAGS,BBSIS.M.I.ZST.T1.EUR.S1311.B.A604._Z.R.A.A._Z._Z.A,BBSIS.M.I.ZST.T1.EUR.S1311.B.A604._Z.R.A.A._Z._Z.A_FLAGS,BBSIS.M.I.ZST.T2.EUR.S1311.B.A604._Z.R.A.A._Z._Z.A,BBSIS.M.I.ZST.T2.EUR.S1311.B.A604._Z.R.A.A._Z._Z.A_FLAGS
"",Term structure of interest rates on listed Federalsecurities (method by Svensson) / Parameter Beta0 /monthly data,,Term structure of interest rates on listed Federalsecurities (method by Svensson) / Parameter Beta1 /monthly data,,Term structure of interest rates on listed Federalsecurities (method by Svensson) / Parameter Beta2 /monthly data,,Term structure of interest rates on listed Federalsecurities (method by Svensson) / Parameter Beta3 /monthly data,,Term structure of interest rates on listed Federalsecurities (method by Svensson) / Parameter Tau1 /monthly data,,Term structure of interest rates on listed Federalsecurities (method by Svensson) / Parameter Tau2 /monthly data,
unit,percent,,percent,,percent,,percent,,percent,,percent,
unit multiplier,one,,one,,one,,one,,one,,one,
last update,2023-07-03 11:23:39,,2023-07-03 11:23:39,,2023-07-03 11:23:39,,2023-07-03 11:23:39,,2023-07-03 11:23:47,,2023-07-03 11:23:47,
1972-09,8.58387,,30.00000,,-29.88450,,-13.91200,,0.36495,,0.36543,
1972-10,8.52889,,29.58953,,28.98429,,-7.48676,,0.00481,,0.26523,
1972-11,8.80418,,29.92019,,-20.51146,,-30.00000,,0.51241,,0.24715,
1972-12,9.43739,,-7.46531,,-20.48638,,28.55031,,1.29510,,1.01820,
1973-01,11.61329,,-4.48145,,-8.47201,,-7.08296,,0.52885,,4.69237,
1973-02,11.45540,,13.02996,,-30.00000,,-7.29206,,0.39174,,5.24815,
1973-03,11.44706,,-6.15884,,28.95551,,-30.00000,,2.46182,,3.09107,
1973-04,8.90814,,-12.64824,,-10.75908,,30.00000,,0.58485,,0.42540,
1973-05,10.36056,,21.01261,,-30.00000,,-2.28758,,0.12923,,3.54882,
1973-06,10.30138,,19.20941,,-24.00549,,-1.48525,,0.44307,,1.65952,
1973-07,10.28803,,-0.75852,,-29.29636,,30.00000,,1.69725,,1.54753,
1973-08,9.45106,,-1.76690,,-30.00000,,-8.08538,,0.00685,,0.01089,
1973-09,9.59896,,30.00000,,30.00000,,-15.45649,,0.02152,,0.09899,
1973-10,9.44673,,-29.08596,,30.00000,,-30.00000,,0.19653,,0.01996,
1973-11,10.43546,,0.99556,,-2.49649,,-2.80698,,1.83575,,1.83550,
1973-12,10.61079,,2.12365,,-1.81761,,-5.90079,,1.39298,,1.40155,
1974-01,6.48418,,3.15442,,30.00000,,-24.81542,,5.40143,,4.35549,
1974-02,12.02109,,-1.05923,,-3.28653,,-1.69805,,2.80130,,2.81055,
1974-03,11.06112,,-1.21315,,-30.00000,,28.33333,,1.16008,,1.08420,
1974-04,10.99285,,-1.22774,,28.59509,,-30.00000,,1.18632,,1.26113,
1974-05,11.01159,,11.30677,,-30.00000,,30.00000,,0.16399,,0.02584,
1974-06,12.87856,,19.85707,,-30.00000,,-6.77646,,0.31596,,2.07747,
1974-07,12.88140,,-3.34980,,-1.47883,,-2.67353,,2.18805,,2.18630,
1974-08,12.89372,,-3.17628,,-1.23712,,-2.54253,,2.66876,,2.69818,
1974-09,12.30008,,-2.44785,,-2.61271,,-1.14738,,1.85613,,1.86477,
1974-10,13.67133,,-4.67172,,-2.69482,,-8.12225,,2.27010,,30.00000,
1974-11,11.30768,,-1.91948,,-3.04720,,-2.15114,,1.17281,,1.16793,
1974-12,10.73064,,-1.82234,,-3.11141,,-0.36643,,1.30525,,1.31588,
1975-01,10.35981,,-1.54463,,-3.05494,,-4.16007,,0.98556,,1.00195,
1975-02,10.61680,,-3.79682,,-2.86949,,-3.48496,,1.14062,,1.13985,
1975-03,10.76113,,-4.29013,,-3.17974,,-2.69615,,1.17768,,1.16764,
1975-04,9.92460,,7.99037,,-14.61096,,-30.00000,,0.70083,,0.13281,
1975-05,5.45133,,-0.47461,,30.00000,,-20.18912,,3.40248,,2.51794,
1975-06,5.47248,,-0.73778,,-18.82457,,30.00000,,3.46280,,4.11434,
1975-07,5.41661,,-1.08874,,-18.41577,,30.00000,,3.21382,,3.85805,
1975-08,5.41584,,-0.81330,,12.38268,,-5.28201,,5.27298,,0.07108,
1975-09,9.72068,,-4.86431,,-3.71621,,-0.51022,,0.95761,,0.95786,
1975-10,9.88928,,8.92943,,-21.30239,,-30.00000,,0.53952,,0.04499,
1975-11,5.48951,,0.44957,,-22.72070,,30.00000,,1.87399,,2.69801,
1975-12,6.76335,,-0.65202,,-27.00772,,30.00000,,1.58075,,2.14015,
1976-01,8.64535,,-3.08662,,-30.00000,,27.05789,,1.21976,,1.46023,
1976-02,7.23516,,-2.67977,,-27.49036,,30.00000,,1.69849,,2.16613,
1976-03,4.90210,,8.56109,,-14.91085,,12.01798,,0.32836,,5.62281,
1976-04,9.43802,,-5.79386,,-7.53866,,23.60207,,0.69663,,0.00925,
1976-05,9.84139,,8.97539,,-9.56810,,-30.00000,,0.88636,,0.30294,
1976-06,9.69157,,-10.15945,,-0.02045,,28.91200,,1.01703,,0.06174,
1976-07,9.74648,,-6.71418,,28.06884,,-30.00000,,0.62468,,0.72024,
1976-08,9.45017,,2.43187,,-5.00876,,-18.61727,,1.19411,,0.25419,
1976-09,8.88895,,9.47395,,-11.40558,,-30.00000,,0.54277,,0.14380,
1976-10,8.64208,,-3.88322,,-1.48797,,-1.80299,,0.70009,,0.69967,
1976-11,10.05860,,-5.55483,,-5.26198,,-10.70661,,0.90632,,30.00000,
1976-12,10.49528,,-2.48784,,-11.82393,,-6.61488,,0.53564,,5.46153,
1977-01,4.45537,,-9.90928,,10.28686,,9.92960,,0.14825,,5.13731,
1977-02,4.25212,,-0.94452,,1.72329,,10.34149,,0.62783,,5.43030,
1977-03,9.13587,,-4.31247,,-5.99417,,-4.63308,,0.66806,,4.63491,
1977-04,9.57731,,-4.65134,,-6.69514,,-6.65153,,0.74367,,5.40838,
1977-05,9.64251,,-4.23213,,-7.86138,,-6.69287,,0.68331,,4.41296,
1977-06,9.55940,,-4.04906,,-8.43525,,-6.57265,,0.65719,,4.34114,
1977-07,7.90583,,-3.86451,,1.51987,,-2.60013,,2.71503,,2.70254,
1977-08,7.79534,,-4.87400,,-0.10844,,-6.71694,,0.44595,,1.52863,
1977-09,3.22195,,0.16265,,11.51603,,1.12377,,9.51515,,0.63504,
1977-10,7.76578,,-4.41445,,25.79185,,-28.53104,,1.37470,,1.48039,
1977-11,7.43363,,-4.69248,,28.01707,,-30.00000,,1.00420,,1.11298,
1977-12,7.50556,,-5.84373,,27.24271,,-28.00888,,1.03424,,1.21037,
1978-01,8.64076,,5.51453,,-11.61547,,-24.97434,,2.38237,,0.44461,
1978-02,8.75200,,-6.12024,,-30.00000,,27.14133,,2.53191,,2.23470,
1978-03,8.64162,,-6.09620,,13.12549,,3.94383,,30.00000,,1.98151,
1978-04,2.94068,,-0.77307,,1.72980,,11.15210,,0.86190,,9.31976,
1978-05,7.21685,,15.96377,,-29.46818,,-3.34843,,0.31236,,2.38345,
1978-06,7.22348,,2.55560,,-13.32291,,-2.91991,,0.35077,,2.45048,
1978-07,7.42148,,14.91322,,-30.00000,,-1.83406,,0.26074,,3.34924,
1978-08,7.31613,,-4.95044,,30.00000,,-27.79407,,1.67923,,1.85759,
1978-09,7.23597,,-4.59413,,26.44964,,-24.73360,,1.80477,,1.96219,
1978-10,7.50038,,11.23816,,-27.53229,,-2.75030,,0.20705,,2.12523,
1978-11,7.18624,,-6.07318,,0.02235,,29.53489,,0.89208,,0.02357,
1978-12,3.60682,,2.48130,,7.17670,,-8.91021,,11.76835,,0.25801,
1979-01,7.83452,,-6.98788,,30.00000,,-27.48488,,0.95176,,1.05126,
1979-02,8.53868,,2.56803,,-17.22535,,-3.18915,,0.27403,,2.78803,
1979-03,9.18908,,12.71863,,-30.00000,,-4.84987,,0.25699,,3.62832,
1979-04,9.84998,,10.63451,,-26.03235,,-6.64573,,0.22508,,3.56038,
1979-05,8.85848,,-3.53192,,-1.54466,,-2.45292,,0.37714,,2.81839,
1979-06,9.37534,,-4.59744,,-1.43877,,-3.80123,,0.37076,,3.57958,
1979-07,9.41749,,14.82138,,-30.00000,,-5.23808,,0.11422,,3.98814,
1979-08,9.40496,,4.61222,,-13.10592,,-5.69172,,0.20750,,4.33429,
1979-09,7.36409,,19.53572,,-30.00000,,4.23058,,0.05709,,0.34094,
1979-10,8.01874,,-0.07277,,11.72373,,-10.42146,,0.71329,,0.78958,
1979-11,4.85733,,3.87925,,30.00000,,-26.15317,,8.94042,,7.15225,
1979-12,8.15407,,1.91659,,-2.90836,,-3.11832,,2.08424,,0.28161,
1980-01,8.01376,,1.89862,,22.69361,,-24.66947,,0.35638,,0.32130,
1980-02,8.88182,,14.23093,,-4.11444,,-30.00000,,0.44959,,0.14215,
1980-03,9.66662,,-10.76707,,7.55988,,30.00000,,0.38575,,0.06824,
1980-04,9.01300,,1.11848,,-1.39100,,-0.31871,,1.85425,,1.86041,
1980-05,8.12144,,2.38033,,-1.28464,,-0.39355,,1.23937,,1.23993,
1980-06,7.98972,,14.66219,,-7.99773,,-30.00000,,0.72242,,0.16763,
1980-07,4.65184,,4.06620,,-25.54143,,30.00000,,3.70788,,4.51156,
1980-08,6.57689,,2.35893,,-28.95406,,30.00000,,2.31586,,2.61920,
1980-09,5.84764,,3.79960,,0.06120,,7.08067,,0.72717,,4.90778,
1980-10,5.10701,,4.16453,,1.25254,,10.05689,,0.71036,,4.69936,
1980-11,8.60054,,1.30322,,0.45189,,0.38759,,0.20205,,0.10513,
1980-12,8.88413,,-30.00000,,30.00000,,4.75110,,0.11196,,0.11210,
1981-01,5.62487,,2.33503,,7.36782,,4.12685,,5.61851,,0.29610,
1981-02,7.12518,,5.40662,,-0.00098,,8.92795,,0.89808,,4.61031,
1981-03,6.09716,,6.17710,,8.93306,,10.42876,,0.36061,,4.04694,
1981-04,7.98177,,7.16419,,-0.02019,,-9.23175,,3.77028,,0.82797,
1981-05,6.81277,,6.03813,,0.16862,,26.25048,,7.51186,,0.00814,
1981-06,6.46156,,6.06207,,6.37891,,9.46507,,0.64771,,3.61266,
1981-07,6.60146,,5.49605,,9.29594,,12.06042,,0.34585,,2.64944,
1981-08,6.58268,,5.61675,,10.54911,,12.85135,,0.33653,,2.51489,
1981-09,6.43266,,5.36566,,-7.98965,,2.81308,,30.00000,,0.20220,
1981-10,6.19831,,6.26882,,30.00000,,-26.37804,,3.05550,,2.43100,
1981-11,6.61308,,3.88139,,-25.48868,,30.00000,,3.82970,,4.50584,
1981-12,8.63685,,2.37749,,8.52308,,-8.61956,,3.05508,,2.41718,
1982-01,6.57390,,2.49197,,5.23232,,3.62080,,9.12243,,0.41457,
1982-02,6.47027,,3.18590,,3.64010,,30.00000,,16.92767,,0.01018,
1982-03,5.89088,,3.02302,,5.20910,,6.98634,,8.67442,,0.04826,
1982-04,7.71144,,0.07362,,3.86556,,2.91620,,0.25402,,3.67184,
1982-05,5.32571,,3.55096,,-23.59253,,30.00000,,3.61968,,4.17484,
1982-06,7.45298,,2.04506,,-0.02029,,5.13749,,1.37018,,4.50548,
1982-07,8.60792,,1.25576,,11.94495,,-12.05234,,1.20226,,0.99432,
1982-08,8.89626,,1.18026,,-0.45576,,-2.25332,,0.30822,,0.31054,
1982-09,8.36760,,1.91210,,-30.00000,,25.90317,,0.67755,,0.77083,
1982-10,8.12247,,0.03326,,28.20717,,-30.00000,,0.96086,,0.89800,
1982-11,8.00298,,0.84309,,26.48077,,-29.92937,,0.80301,,0.70727,
1982-12,7.83554,,0.66460,,-28.47478,,23.80751,,0.70839,,0.81880,
1983-01,8.41212,,11.97287,,-14.69370,,-30.00000,,0.38412,,0.08840,
1983-02,7.98034,,-2.27468,,-30.00000,,27.92235,,0.85717,,0.91692,
1983-03,8.09665,,-1.16592,,-30.00000,,23.85758,,0.78652,,0.87475,
1983-04,8.27513,,1.55465,,-6.73087,,-4.99483,,0.39420,,0.39302,
1983-05,8.57738,,-10.40282,,-20.76027,,30.00000,,0.27567,,0.18481,
1983-06,8.21168,,-17.09654,,9.19417,,30.00000,,0.78087,,0.17705,
1983-07,11.28122,,-6.25459,,27.29550,,-28.58207,,2.93297,,3.78616,
1983-08,11.52522,,-6.25920,,28.59901,,-30.00000,,2.69385,,3.37334,
1983-09,11.35002,,-6.20385,,28.44950,,-30.00000,,2.34036,,2.99105,
1983-10,11.03959,,-3.82551,,-8.52710,,-7.57211,,0.34790,,3.67606,
1983-11,10.91779,,-3.29597,,-7.94107,,-6.67884,,0.39981,,4.12624,
1983-12,11.35778,,-2.92914,,-9.69047,,-8.26682,,0.36296,,4.32950,
1984-01,8.68724,,-2.97444,,-6.93298,,5.38968,,0.67405,,0.74091,
1984-02,8.71895,,-2.14634,,-0.00096,,-3.12468,,1.69761,,0.30819,
1984-03,8.86027,,-2.73015,,-3.48397,,-0.10450,,0.82595,,0.11079,
1984-04,8.83761,,10.55272,,-12.82509,,-30.00000,,0.53324,,0.11817,
1984-05,8.85410,,10.18050,,-11.56947,,-30.00000,,0.50845,,0.10704,
1984-06,8.75961,,-4.50680,,0.07071,,3.63247,,1.07232,,0.23434,
1984-07,8.96497,,-3.30308,,5.72325,,-5.24752,,1.51891,,1.76590,
1984-08,8.69133,,-1.54924,,-0.00590,,-3.89798,,3.32938,,0.28658,
1984-09,8.46413,,-2.82602,,-0.59797,,-0.53653,,1.27023,,1.26467,
1984-10,8.14693,,-3.02600,,-1.00160,,1.80633,,1.32665,,0.18289,
1984-11,7.84602,,-1.76384,,-2.29838,,-0.94389,,0.92946,,0.92639,
1984-12,7.81535,,-1.98234,,-3.26780,,-0.30458,,0.83208,,0.83129,
1985-01,7.86801,,-1.19448,,-2.72998,,-1.55334,,0.69152,,0.69260,
1985-02,8.34687,,-2.68132,,29.76557,,-30.00000,,0.98750,,1.04959,
1985-03,7.65725,,-8.63322,,30.00000,,-22.62471,,0.14323,,0.20215,
1985-04,7.92490,,-2.57353,,11.99886,,-12.80437,,0.92437,,1.00661,
1985-05,4.08175,,1.38203,,30.00000,,-22.02443,,3.80245,,3.21714,
1985-06,3.98313,,1.28425,,-21.62615,,30.00000,,3.40489,,4.08634,
1985-07,8.10105,,-3.25984,,-0.21965,,-0.66704,,2.37259,,2.32636,
1985-08,7.23764,,-2.23673,,-2.68773,,-1.61743,,0.80166,,0.79333,
1985-09,7.29901,,-1.45866,,-2.39484,,-3.89662,,1.20341,,0.33732,
1985-10,7.46523,,-1.84689,,-2.70145,,-1.84906,,0.66076,,0.65654,
1985-11,7.37686,,-2.03503,,-2.46040,,-2.16779,,0.70224,,0.70294,
1985-12,7.11068,,12.30286,,-13.46967,,-30.00000,,0.51588,,0.11954,
1986-01,7.24495,,8.71512,,-12.22849,,-24.52445,,0.59624,,0.12474,
1986-02,6.70322,,11.58027,,-12.60855,,-30.00000,,0.52021,,0.11895,
1986-03,6.41518,,-2.64556,,-30.00000,,27.45474,,0.49451,,0.44413,
1986-04,6.14812,,-1.79082,,-30.00000,,27.21020,,0.56238,,0.52370,
1986-05,6.66779,,-1.49729,,-3.76580,,-0.77919,,0.73028,,0.22330,
1986-06,6.48797,,1.34331,,-6.17152,,-9.04953,,0.57621,,0.06942,
1986-07,6.54312,,6.98949,,-10.15596,,-19.05965,,0.64515,,0.12418,
1986-08,6.36505,,-1.66150,,-1.90095,,-1.17516,,0.95357,,0.95678,
1986-09,6.87715,,-1.55865,,-3.76043,,-1.14837,,0.89444,,0.91236,
1986-10,7.18973,,-1.96520,,-3.89112,,-1.05398,,0.91430,,0.91216,
1986-11,6.62667,,-2.17821,,-30.00000,,26.98903,,0.57893,,0.53709,
1986-12,6.69507,,-1.71675,,-30.00000,,26.47159,,0.63107,,0.58284,
1987-01,6.87385,,-2.83999,,-1.99315,,-1.54942,,1.09198,,1.08767,
1987-02,7.20067,,0.24350,,-7.82503,,-7.35923,,0.15759,,1.00556,
1987-03,6.67336,,-2.56869,,-30.00000,,25.55816,,0.73872,,0.67419,
1987-04,6.80523,,-2.58519,,-1.37560,,-3.36818,,1.13057,,1.13011,
1987-05,7.02026,,-2.95459,,-4.73784,,-6.54512,,1.32500,,0.01389,
1987-06,7.57716,,-2.26148,,-7.48719,,-29.96601,,1.09162,,0.01204,
1987-07,7.97876,,-3.78467,,-0.00032,,-2.60660,,2.87929,,1.05119,
1987-08,7.92815,,-3.72079,,7.69639,,-10.33766,,2.11087,,1.86574,
1987-09,8.35390,,-3.07376,,-3.89983,,-7.96350,,0.31593,,1.23766,
1987-10,7.70614,,-4.22125,,-0.01045,,-0.13892,,2.24880,,0.66746,
1987-11,10.26452,,-6.53055,,-5.44099,,-6.33045,,1.63859,,9.71266,
1987-12,8.19765,,-4.30879,,-1.97578,,-3.57865,,1.40924,,1.41226,
1988-01,5.78726,,-2.71861,,3.39744,,7.26178,,10.01460,,10.01396,
1988-02,8.37820,,-4.65752,,0.00049,,-2.87316,,3.58252,,0.84993,
1988-03,8.58867,,-4.61670,,0.00213,,-2.98772,,4.21427,,0.75985,
1988-04,8.44178,,-5.39385,,-2.92181,,30.00000,,1.93618,,0.00340,
1988-05,8.51102,,-5.13623,,29.73494,,-28.10198,,4.35227,,4.22896,
1988-06,10.49843,,-6.31878,,-28.23911,,30.00000,,15.12138,,12.46161,
1988-07,8.38577,,-3.98036,,-3.04076,,2.67566,,2.10132,,0.64168,
1988-08,8.31382,,-2.85770,,-2.42719,,-5.26933,,0.38876,,2.16006,
1988-09,10.36565,,-5.12596,,-3.43212,,-6.06568,,2.53026,,11.17556,
1988-10,8.35387,,-3.41892,,0.00360,,-0.75822,,6.36957,,1.74825,
1988-11,8.16388,,-2.74543,,0.00567,,-1.67473,,5.67218,,1.02721,
1988-12,10.13800,,-4.49247,,-3.66421,,-6.70134,,2.40508,,13.85770,
1989-01,10.16374,,-4.27814,,-0.26294,,1.41513,,30.00000,,2.46456,
1989-02,7.85718,,-0.62968,,-2.16605,,-2.49370,,0.31582,,5.40899,
1989-03,7.53190,,-0.90145,,-1.28403,,-1.55688,,0.32701,,3.46586,
1989-04,8.22521,,-1.82215,,-0.00138,,-3.61173,,1.49838,,7.01403,
1989-05,10.19618,,-2.98564,,-4.32547,,-9.54233,,21.89812,,0.00083,
1989-06,10.03277,,-2.97015,,-4.65939,,-28.55099,,19.52621,,0.00218,
1989-07,9.96353,,-3.14640,,-1.99827,,-8.93464,,1.74918,,9.42376,
1989-08,10.11145,,-3.09996,,-1.88154,,-9.02478,,1.72761,,9.96719,
1989-09,10.27773,,-2.88636,,-30.00000,,23.64389,,7.46213,,6.44636,
1989-10,10.24805,,-2.36349,,-30.00000,,26.91010,,23.89937,,30.00000,
1989-11,6.74624,,1.49416,,30.00000,,-28.76941,,1.65673,,1.56761,
1989-12,6.90196,,1.33685,,29.95349,,-29.52529,,1.27452,,1.18691,
1990-01,6.79395,,1.32387,,1.07253,,3.74628,,0.46158,,3.12829,
1990-02,10.89141,,-2.25517,,21.19008,,-30.00000,,12.36872,,18.71155,
1990-03,7.44757,,1.50310,,2.04484,,-2.11465,,3.68821,,0.16912,
1990-04,8.05378,,0.71931,,2.22017,,-3.08251,,4.31727,,0.05605,
1990-05,7.71167,,0.90435,,2.80430,,-1.88222,,4.22825,,0.08307,
1990-06,7.33953,,1.07774,,3.35831,,-1.71675,,4.81959,,0.03884,
1990-07,5.71914,,2.84221,,4.02889,,-30.00000,,10.96229,,0.00546,
1990-08,5.36212,,3.36139,,5.95349,,-30.00000,,9.54505,,0.00102,
1990-09,5.77761,,2.77216,,6.63471,,29.95260,,7.54404,,0.00046,
1990-10,7.20180,,1.08367,,4.43982,,0.27659,,5.33652,,0.76006,
1990-11,7.40307,,0.70993,,4.14122,,2.30195,,3.71375,,0.18454,
1990-12,9.10214,,1.24334,,-0.82019,,-0.86055,,0.28729,,0.30591,
1991-01,7.26668,,0.84708,,2.57639,,4.84614,,0.39115,,2.89183,
1991-02,7.28778,,1.34586,,1.34203,,3.49023,,0.46419,,3.09268,
1991-03,6.99419,,0.48650,,4.32630,,3.53466,,3.72637,,0.27835,
1991-04,7.42114,,-0.50384,,4.00450,,5.43439,,2.12194,,0.22713,
1991-05,7.27422,,1.43942,,-3.26458,,4.54678,,4.16215,,4.15832,
1991-06,7.60371,,1.68576,,0.00161,,3.20539,,0.51003,,2.43927,
1991-07,7.64614,,2.31856,,1.10378,,-2.31961,,3.57482,,0.52842,
1991-08,7.51886,,1.58785,,-0.25729,,3.89040,,0.49284,,1.92480,
1991-09,7.48246,,-0.04516,,4.31487,,6.10290,,1.73989,,0.08748,
1991-10,10.86814,,-1.79626,,-30.00000,,22.98666,,9.19245,,7.51267,
1991-11,6.81219,,1.99751,,3.02853,,30.00000,,2.83240,,0.00509,
1991-12,6.74401,,1.88309,,0.08675,,2.02869,,6.11644,,1.05558,
1992-01,6.69745,,1.83868,,0.00081,,3.01707,,6.72753,,0.14055,
1992-02,7.19535,,3.69553,,-0.02189,,-4.19389,,1.72783,,0.41447,
1992-03,9.36104,,-2.59473,,-1.59833,,-6.58862,,0.02242,,11.74076,
1992-04,7.40273,,-10.38629,,11.08473,,30.00000,,0.72358,,0.13239,
1992-05,7.41142,,-9.67067,,10.43208,,30.00000,,0.67099,,0.11787,
1992-06,7.49674,,4.01785,,-30.00000,,29.34039,,0.51300,,0.59825,
1992-07,7.35520,,1.49580,,2.96707,,29.94906,,1.30297,,0.00734,
1992-08,4.40130,,5.33990,,3.66880,,7.98086,,1.36292,,8.32719,
1992-09,4.02309,,4.47595,,29.78369,,-26.01124,,7.83004,,7.02558,
1992-10,7.21903,,0.80357,,-10.48969,,10.41103,,0.87637,,0.83062,
1992-11,7.12908,,-4.58751,,-0.00880,,11.98100,,0.39501,,0.18415,
1992-12,7.23284,,1.33719,,-1.57328,,-1.05336,,1.35492,,1.35498,
1993-01,7.21218,,0.75609,,-1.04655,,-1.25884,,1.67717,,1.67717,
1993-02,7.32746,,1.79780,,-1.44076,,-3.76204,,0.36805,,1.78396,
1993-03,7.48429,,2.13586,,-3.32263,,-3.90061,,0.36815,,1.81908,
1993-04,7.35178,,1.83833,,-1.35156,,-3.71178,,0.31791,,1.48437,
1993-05,7.42309,,0.11635,,-1.91926,,-1.90450,,1.45147,,1.45161,
1993-06,7.24963,,0.49916,,-2.18890,,-2.22838,,1.37503,,1.30740,
1993-07,7.09803,,0.52601,,0.85971,,-5.51587,,0.97478,,1.16529,
1993-08,6.75366,,-0.09776,,-2.49535,,-0.82656,,1.48027,,1.48013,
1993-09,7.00087,,-0.34643,,-3.31022,,-0.80167,,1.75510,,1.75494,
1993-10,6.87576,,-0.30269,,-1.06630,,-3.82413,,1.67255,,1.69269,
1993-11,7.00820,,-0.96061,,25.05261,,-30.00000,,1.40147,,1.46694,
1993-12,6.95746,,-0.75405,,23.42165,,-29.08861,,1.70878,,1.72366,
1994-01,6.98505,,-1.05424,,-2.16428,,-2.76377,,1.84853,,1.84855,
1994-02,7.42823,,-1.35453,,-1.20050,,-5.23020,,0.35365,,1.65595,
1994-03,7.65247,,-1.87334,,-1.16879,,-2.62593,,1.80346,,1.71876,
1994-04,7.84048,,-2.39328,,-2.49471,,-0.84050,,1.51507,,1.50887,
1994-05,8.21618,,-3.12517,,-2.75425,,-0.30121,,1.51488,,1.51401,
1994-06,7.66365,,-2.63239,,2.43146,,-1.00978,,4.36946,,0.47399,
1994-07,7.87664,,-3.03115,,1.68779,,-1.68728,,2.67858,,1.30646,
1994-08,8.21989,,-3.67237,,-1.34819,,1.43613,,1.36129,,0.04588,
1994-09,8.37384,,-2.14379,,-4.90059,,-3.62238,,0.25980,,1.06710,
1994-10,8.31299,,-0.91347,,-6.19450,,-4.91138,,0.18503,,0.79354,
1994-11,8.05901,,-1.60004,,-4.15770,,-4.35647,,0.20190,,0.75155,
1994-12,8.15014,,-3.87822,,-0.00466,,29.82390,,0.91004,,0.00478,
1995-01,8.00003,,-2.71375,,-2.72410,,-29.99569,,0.68539,,0.00285,
1995-02,7.97871,,-3.03506,,-0.00058,,-0.31956,,1.49329,,0.43914,
1995-03,8.45152,,-3.45908,,-3.10601,,-0.70181,,1.44697,,0.40735,
1995-04,8.16643,,-3.87923,,13.68652,,-13.13447,,2.89079,,2.73967,
1995-05,8.09087,,-3.58026,,-0.53589,,-3.74629,,1.47214,,1.48831,
1995-06,8.10979,,-3.63204,,-6.27810,,4.48899,,1.81098,,2.44970,
1995-07,8.14347,,-3.70102,,-4.13851,,0.32778,,1.36076,,4.05516,
1995-08,8.17441,,-3.62791,,-5.24726,,-23.48860,,1.23860,,0.00283,
1995-09,8.37135,,-3.83616,,-5.74395,,-1.04284,,1.31779,,0.31636,
1995-10,8.21086,,-3.79759,,-5.66702,,-0.67225,,1.41232,,0.34355,
1995-11,7.82827,,-3.80827,,8.19255,,-11.66670,,2.43893,,1.89279,
1995-12,7.85207,,-3.82847,,-4.64199,,-2.05198,,1.39007,,1.38997,
1996-01,7.66102,,-4.36543,,1.05852,,-5.80654,,1.76689,,1.45950,
1996-02,8.22471,,-5.39110,,-4.82431,,2.03980,,1.42576,,0.06896,
1996-03,8.24331,,-5.50659,,-4.44918,,1.59590,,1.46216,,0.07783,
1996-04,8.10855,,-4.29553,,-6.67400,,-1.32591,,1.28566,,0.23583,
1996-05,8.37519,,-5.13207,,-1.61702,,-4.05866,,1.45299,,1.45567,
1996-06,8.15350,,-4.14763,,-4.38121,,-8.33039,,0.32746,,1.17430,
1996-07,7.96453,,-4.16240,,-5.64883,,-1.09449,,1.25434,,0.20799,
1996-08,8.21948,,-4.99184,,-3.06140,,-2.83474,,1.35567,,1.35478,
1996-09,7.89754,,-4.82516,,-2.16536,,-3.21740,,1.42058,,1.42054,
1996-10,7.69520,,-4.52593,,-30.00000,,26.38880,,1.94719,,2.06483,
1996-11,7.55801,,-4.36068,,-30.00000,,26.35936,,2.16232,,2.27891,
1996-12,7.72519,,-4.41866,,-5.03788,,-1.01246,,1.48648,,1.49587,
1997-01,7.52369,,-4.36724,,-30.00000,,26.60074,,2.33110,,2.54665,
1997-02,7.19529,,-4.06812,,3.76573,,-10.47046,,0.92233,,1.32250,
1997-03,7.70955,,-4.44010,,-1.02262,,-4.16955,,1.55506,,1.66336,
1997-04,7.72475,,-4.48237,,-2.76633,,-2.34895,,1.69844,,1.68274,
1997-05,7.87069,,-4.72850,,-2.34297,,-2.59510,,1.69929,,1.73135,
1997-06,7.53192,,-4.53477,,-6.11755,,1.11630,,1.57233,,0.80946,
1997-07,6.51544,,-3.53710,,4.68008,,-2.28818,,5.21199,,2.98065,
1997-08,7.23291,,-4.14505,,-2.13396,,-0.28972,,2.03027,,2.07338,
1997-09,6.91168,,-3.73383,,-0.82036,,0.22393,,2.88888,,2.82603,
1997-10,7.06106,,-3.60941,,-0.01137,,-1.94440,,2.02984,,3.65331,
1997-11,6.85808,,-3.23901,,-1.50024,,-0.86960,,1.93959,,7.55748,
1997-12,6.54269,,-3.12267,,0.44060,,-1.53018,,2.45558,,3.29497,
1998-01,7.58378,,-4.19448,,-2.27257,,-3.69818,,2.44357,,13.82633,
1998-02,6.13457,,-2.78855,,0.13431,,-0.67502,,3.36118,,3.92625,
1998-03,6.30940,,-2.90830,,-0.86978,,-2.52882,,1.37173,,4.28586,
1998-04,6.68868,,-3.17537,,0.83535,,-2.26530,,3.34444,,7.50667,
1998-05,6.50554,,-3.10069,,1.22881,,-2.18514,,4.11421,,7.78009,
1998-06,5.71431,,7.44496,,-15.90274,,-4.08774,,0.12120,,1.50116,
1998-07,6.17684,,-2.77547,,0.46820,,-2.56999,,2.55086,,5.02364,
1998-08,2.91073,,0.52878,,7.92813,,-0.56202,,26.66613,,1.52450,
1998-09,6.59839,,-3.34715,,-2.24797,,0.83769,,6.89887,,0.14107,
1998-10,8.18544,,-4.64406,,-0.90644,,-1.31829,,15.95373,,1.36985,
1998-11,6.33300,,-2.90358,,-0.00856,,-1.32776,,11.03399,,1.70346,
1998-12,7.78789,,-4.78614,,-3.74671,,-4.74901,,4.59864,,30.00000,
1999-01,6.09498,,-3.09092,,-2.63586,,-4.26975,,1.72806,,5.21071,
1999-02,5.94705,,-3.25373,,2.74070,,0.80771,,14.39787,,0.12060,
1999-03,6.49658,,-3.59138,,-0.00267,,-1.38413,,7.77344,,1.65913,
1999-04,6.05396,,-3.53091,,0.41780,,-3.72810,,3.31823,,3.34890,
1999-05,6.42942,,-3.90830,,1.82106,,-0.85991,,9.58079,,2.03453,
1999-06,7.00957,,-4.55014,,1.22990,,-3.02717,,4.17219,,7.34956,
1999-07,7.20322,,-4.76824,,21.31183,,-22.06568,,4.60305,,5.07297,
1999-08,7.32377,,-4.76169,,21.52565,,-22.30484,,4.33905,,4.75522,
1999-09,7.55210,,-5.12154,,0.00234,,-3.68593,,2.28695,,7.60971,
1999-10,8.43918,,-5.51164,,-1.60810,,-6.53706,,1.83687,,9.33041,
1999-11,8.81438,,-5.69899,,-1.92043,,-7.74105,,1.79595,,8.96417,
1999-12,7.42063,,-4.36873,,0.00078,,-4.00662,,1.77104,,5.96785,
2000-01,8.09921,,-4.87151,,0.00162,,-5.00970,,2.13248,,9.49469,
2000-02,7.33761,,-3.89747,,-0.00337,,-3.40352,,2.06844,,9.07495,
2000-03,7.08097,,-3.37010,,0.00079,,-3.58910,,2.24476,,8.31068,
2000-04,5.96635,,-2.23916,,-0.00025,,1.05211,,2.54000,,0.67126,
2000-05,5.65341,,-1.51186,,-0.00013,,-1.10494,,0.46430,,2.05893,
2000-06,5.78027,,-1.49129,,0.00032,,-1.76917,,0.47346,,2.25499,
2000-07,5.66119,,-1.25556,,0.00036,,-1.13018,,0.40136,,2.96045,
2000-08,5.90013,,-0.92322,,0.61446,,-1.60349,,1.94121,,5.66899,
2000-09,7.09389,,-2.08397,,16.99035,,-19.65701,,6.26729,,6.71730,
2000-10,8.59242,,-3.61831,,-2.02152,,0.41971,,25.88578,,0.42137,
2000-11,6.36666,,-1.26644,,-0.85798,,-1.09417,,8.03550,,2.65618,
2000-12,6.76680,,-1.72393,,-2.41950,,-1.57072,,7.03204,,1.13616,
2001-01,6.52840,,-1.52847,,-2.73587,,-4.28605,,0.90476,,4.40320,
2001-02,6.83004,,-1.84007,,-3.11593,,-1.66406,,6.23510,,0.96034,
2001-03,6.52389,,-1.75445,,-3.03216,,-1.39923,,4.48129,,0.80846,
2001-04,6.54479,,-1.66302,,-2.15927,,-2.12093,,2.02837,,5.38733,
2001-05,6.51591,,-1.95877,,-1.36891,,-1.15563,,3.49113,,1.33468,
2001-06,6.43180,,-2.00214,,-1.14185,,-1.57595,,3.14705,,2.08559,
2001-07,6.20310,,-1.88997,,-3.30288,,0.74170,,2.27545,,0.08346,
2001-08,6.40404,,-1.98596,,-1.66632,,-2.14047,,3.83174,,1.25387,
2001-09,6.60700,,-2.85153,,-1.84531,,-1.96389,,3.35074,,1.09778,
2001-10,6.25435,,-2.47115,,-1.12097,,-2.93247,,4.64631,,0.99137,
2001-11,5.86505,,-2.54552,,-2.98955,,-1.82566,,1.09264,,3.31818,
2001-12,5.87837,,-2.65276,,-2.05293,,-2.74642,,0.67807,,1.63637,
2002-01,5.70107,,-2.38344,,-2.15536,,-1.56453,,0.63666,,2.25000,
2002-02,5.91845,,-2.57918,,-2.19155,,-1.66300,,0.88323,,3.12523,
2002-03,6.16566,,-2.95705,,-0.85103,,-1.42005,,1.08597,,3.88696,
2002-04,6.39024,,-3.11625,,-1.39980,,-1.85853,,1.34158,,5.71017,
2002-05,5.97914,,-2.70577,,-0.39098,,-2.18638,,0.85090,,2.17676,
2002-06,5.78420,,-2.37447,,-1.42764,,-1.89787,,0.83653,,2.20097,
2002-07,5.81939,,-2.55365,,-1.11425,,-1.72754,,1.36434,,2.07633,
2002-08,5.73764,,-2.42158,,-2.57371,,-1.32248,,1.33228,,4.00585,
2002-09,5.74537,,-2.40544,,-1.86037,,-1.51091,,2.89685,,0.83108,
2002-10,6.01934,,-2.63612,,-2.31697,,-1.61047,,2.58164,,0.70739,
2002-11,5.80786,,-2.89320,,-1.36186,,-1.60693,,2.01387,,1.59135,
2002-12,5.70259,,-2.85132,,-2.58107,,-3.32881,,1.09938,,2.27326,
2003-01,5.54005,,-2.57503,,-2.91847,,-1.62592,,2.27689,,0.81673,
2003-02,5.72329,,-3.20026,,-4.83295,,-0.31119,,2.00322,,0.00010,
2003-03,5.92542,,-3.28447,,-2.20325,,-1.94454,,2.98921,,0.89505,
2003-04,5.80753,,-3.33753,,-2.73627,,-1.41225,,2.06606,,1.65256,
2003-05,5.52429,,-3.29219,,-4.81742,,0.53813,,2.06106,,0.00010,
2003-06,5.77317,,-3.80738,,-3.01947,,-1.51835,,2.00000,,2.51704,
2003-07,5.97298,,-3.90146,,-2.80355,,-5.06485,,0.86996,,2.45417,
2003-08,5.77924,,-3.84374,,-0.34364,,-0.16774,,3.72412,,0.55949,
2003-09,5.77340,,-3.83403,,-2.29381,,-1.49321,,2.00000,,2.20910,
2003-10,5.89291,,-3.90607,,-0.04605,,-0.43400,,3.64146,,0.59943,
2003-11,5.78679,,-3.89727,,-0.77823,,-0.18113,,2.54076,,1.50487,
2003-12,5.68234,,-3.82514,,-1.78292,,-0.80737,,1.85894,,2.38933,
2004-01,5.77337,,-3.86489,,-0.73527,,-1.67105,,2.25668,,1.67291,
2004-02,5.72933,,-3.82302,,-2.69946,,-0.98418,,2.06636,,1.66716,
2004-03,5.68311,,-3.83211,,-2.37261,,-1.60892,,2.00000,,1.80615,
2004-04,5.83044,,-3.84808,,1.40999,,-0.85019,,5.61430,,0.68261,
2004-05,5.81330,,-3.90118,,-0.19916,,-2.00000,,2.24599,,2.23815,
2004-06,5.74875,,-3.90253,,0.14486,,0.24775,,3.77907,,3.74085,
2004-07,5.83807,,-3.91431,,-2.07165,,-1.16126,,1.86971,,5.30721,
2004-08,5.77352,,-3.72363,,-3.04393,,-1.92452,,1.48603,,4.63942,
2004-09,5.49187,,-3.72471,,-0.90766,,0.58853,,3.20751,,0.28123,
2004-10,5.38325,,-3.31980,,-1.36406,,-1.81930,,2.00000,,2.87206,
2004-11,5.18560,,-3.04943,,-1.12549,,-1.69934,,2.35380,,2.07723,
2004-12,5.17183,,-3.17425,,-0.89148,,0.07498,,3.92665,,7.50765,
2005-01,4.66161,,-2.64591,,-1.49144,,-0.28912,,2.40145,,2.79729,
2005-02,4.72956,,-2.67385,,-1.66561,,-3.70258,,0.58487,,1.93996,
2005-03,4.25665,,-2.25565,,2.98773,,-0.49003,,8.41194,,0.00010,
2005-04,4.65655,,-2.52321,,-2.37224,,-0.39434,,2.39563,,0.62080,
2005-05,4.55610,,-2.46637,,-2.05793,,-1.25413,,1.94731,,3.38578,
2005-06,4.31020,,-2.20261,,-2.25541,,-1.06491,,1.98593,,1.99542,
2005-07,4.35324,,-2.27341,,-1.51048,,-1.25889,,2.02283,,3.55984,
2005-08,3.95482,,-1.88822,,-2.43309,,1.64702,,3.27680,,6.45888,
2005-09,4.19255,,-2.13114,,4.14559,,-4.02181,,5.46577,,5.03099,
2005-10,4.35960,,-2.19942,,0.20160,,-1.26482,,2.65321,,3.54189,
2005-11,4.40880,,-1.89741,,-0.30266,,-0.30942,,5.08833,,0.06756,
2005-12,4.18380,,-1.36063,,-0.68441,,-1.20304,,5.42402,,0.15000,
2006-01,4.10486,,-1.70589,,0.46575,,-1.72954,,1.26089,,2.48733,
2006-02,4.03934,,-1.64063,,-0.14545,,-1.62368,,0.70052,,2.21845,
2006-03,4.25289,,-1.79560,,-0.24478,,-1.55534,,0.54770,,2.01832,
2006-04,4.49478,,-2.02010,,-0.02413,,-1.62242,,0.62182,,1.82524,
2006-05,4.58838,,-2.03871,,-0.00618,,-2.25757,,0.59349,,2.03539,
2006-06,4.62318,,-2.14018,,-0.00135,,-1.92927,,0.46781,,1.89480,
2006-07,4.53256,,-1.79417,,0.00001,,-2.10172,,0.51264,,2.20682,
2006-08,4.33568,,-1.51782,,-0.00193,,-2.07042,,0.34301,,2.11196,
2006-09,4.06960,,-1.11752,,-0.00181,,-1.49472,,0.23057,,2.21417,
2006-10,4.03448,,-0.00873,,-2.01204,,-0.90281,,0.08770,,2.12804,
2006-11,4.05108,,-0.37640,,-0.97669,,-1.21322,,0.11744,,2.40972,
2006-12,4.20555,,-0.84550,,0.02266,,-0.83186,,0.28032,,2.49160,
2007-01,4.35914,,-0.94302,,-0.00955,,-0.94561,,0.25524,,2.06231,
2007-02,4.25274,,-0.69791,,0.00010,,-1.15038,,0.19255,,2.06000,
2007-03,4.49114,,-0.73378,,-0.00257,,-1.43093,,0.41211,,2.89430,
2007-04,4.59813,,-0.79316,,-0.02936,,-1.19940,,0.37694,,2.79915,
2007-05,4.74923,,-1.00690,,-0.03541,,-1.02418,,0.29086,,3.38901,
2007-06,4.90861,,-0.96883,,-0.00001,,-1.01717,,0.43664,,3.00852,
2007-07,4.70221,,-0.53827,,-1.18726,,-1.20151,,0.08900,,2.42184,
2007-08,3.80035,,-0.32122,,1.40858,,3.08159,,0.24906,,21.33443,
2007-09,3.88844,,-0.72663,,1.41254,,3.05153,,0.18324,,21.40852,
2007-10,4.94696,,-1.08708,,-0.89374,,0.85672,,4.34936,,0.33905,
2007-11,5.14930,,-1.69410,,-1.43100,,1.98558,,3.73005,,0.24107,
2007-12,3.20883,,0.87585,,4.74990,,-1.46555,,14.57118,,4.48022,
2008-01,5.20903,,-0.96720,,-1.70522,,-3.49114,,1.04866,,2.68120,
2008-02,5.20646,,-0.89056,,-3.07462,,-2.12314,,2.18363,,1.33038,
2008-03,5.49162,,-2.27601,,-2.19578,,2.22391,,3.79138,,0.21983,
2008-04,3.22920,,-0.00216,,5.64373,,2.37020,,19.39638,,0.28360,
2008-05,5.45475,,-0.59055,,-2.62845,,-2.20601,,3.24603,,0.13342,
2008-06,5.31618,,1.21742,,-4.56352,,-2.24215,,0.12174,,2.91635,
2008-07,2.73606,,1.80442,,30.00000,,-26.14446,,9.11860,,7.82854,
2008-08,2.53332,,1.97046,,30.00000,,-26.78381,,8.09498,,6.68250,
2008-09,5.24227,,-7.52725,,1.58881,,-4.46133,,0.20286,,2.04261,
2008-10,2.27909,,-1.05631,,9.18249,,2.95119,,10.28536,,0.26575,
2008-11,1.71272,,0.16658,,-23.72832,,30.00000,,5.56774,,6.77960,
2008-12,1.52150,,-0.12890,,-22.72814,,29.89473,,6.75714,,7.95692,
2009-01,1.84126,,-1.00225,,-21.74006,,30.00000,,5.91836,,7.01548,
2009-02,1.74925,,-0.99462,,-22.11932,,30.00000,,5.51996,,6.84888,
2009-03,1.87608,,-1.34752,,-21.28955,,30.00000,,6.80433,,8.02731,
2009-04,1.95120,,-1.43903,,30.00000,,-23.10340,,17.78746,,30.00000,
2009-05,2.40564,,-1.41163,,10.05391,,-2.00076,,10.71802,,0.68740,
2009-06,2.22271,,-1.52175,,10.17885,,-1.28169,,11.11932,,0.36927,
2009-07,2.09034,,-1.03742,,9.38700,,-2.85858,,11.36572,,0.32366,
2009-08,1.98141,,-1.61500,,-2.36925,,8.11768,,0.62689,,14.97950,
2009-09,1.92085,,-1.71230,,-1.76638,,8.16734,,0.82249,,13.73569,
2009-10,2.01874,,-1.91801,,10.31786,,1.08476,,10.85911,,1.75014,
2009-11,1.91331,,-1.70437,,10.25917,,0.42227,,11.42208,,1.42803,
2009-12,2.08518,,-2.02414,,10.48172,,0.74566,,10.44532,,1.74273,
2010-01,1.93429,,-1.83272,,10.27670,,0.16512,,10.38895,,1.52011,
2010-02,1.86659,,-1.57354,,10.18228,,-1.28109,,10.19336,,1.12263,
2010-03,2.56359,,-2.26016,,8.41264,,-1.24888,,9.04829,,1.07578,
2010-04,2.31848,,-1.92368,,-3.44448,,6.72055,,1.52000,,10.26718,
2010-05,3.05469,,-2.81695,,-5.21704,,4.95312,,2.09323,,6.77921,
2010-06,3.19139,,-2.93192,,-22.97614,,23.45594,,3.36303,,4.07697,
2010-07,2.50051,,-2.09750,,7.44343,,-2.53288,,7.83565,,2.20831,
2010-08,1.45924,,-1.04403,,7.03246,,-2.53117,,8.66708,,2.21116,
2010-09,0.86831,,-0.36621,,-2.37695,,8.59599,,2.71163,,10.63013,
2010-10,1.01142,,-0.15239,,-2.38181,,8.42914,,2.06458,,10.08799,
2010-11,1.82668,,-1.18737,,8.57444,,-3.47434,,7.45669,,2.28961,
2010-12,1.51015,,-1.09827,,-3.15120,,9.05963,,2.00809,,8.75721,
2011-01,1.56458,,-0.95128,,-0.82324,,8.17993,,1.92940,,10.31152,
2011-02,1.55670,,-0.88820,,-21.62029,,30.00000,,7.20843,,7.95202,
2011-03,1.78395,,-0.58429,,8.43686,,-1.74602,,10.72192,,0.15866,
2011-04,1.73021,,-0.43415,,8.15663,,-1.11241,,11.55940,,0.16991,
2011-05,1.54567,,-0.88780,,8.74503,,1.16931,,11.27994,,0.43039,
2011-06,1.74035,,-0.56030,,30.00000,,-22.88283,,8.28212,,6.95783,
2011-07,1.35577,,-0.36940,,-23.60253,,30.00000,,6.15813,,7.58384,
2011-08,1.04038,,-1.79700,,10.17293,,3.67077,,12.47693,,0.31315,
2011-09,0.67372,,-0.49657,,30.00000,,-23.01579,,8.16520,,6.86714,
2011-10,0.87099,,-0.55673,,-23.66791,,30.00000,,5.58257,,7.03923,
2011-11,0.92977,,-1.09986,,-22.59001,,30.00000,,5.48779,,6.81766,
2011-12,0.37110,,-0.44972,,-23.92815,,30.00000,,4.91703,,6.28888,
2012-01,0.51011,,-0.38705,,-24.41410,,30.00000,,4.90606,,6.42517,
2012-02,0.45113,,-0.27425,,-24.50904,,30.00000,,4.87251,,6.35576,
2012-03,0.47757,,-0.33482,,-24.39755,,30.00000,,4.90101,,6.38633,
2012-04,0.37557,,-0.24398,,-24.72534,,30.00000,,4.93510,,6.53430,
2012-05,0.00010,,0.12230,,-25.47516,,30.00000,,4.99508,,6.37022,
2012-06,0.35847,,-0.30466,,-24.53846,,29.97645,,5.26936,,6.77502,
2012-07,1.16608,,-1.14780,,-27.58639,,30.00000,,4.85873,,5.97788,
2012-08,1.08027,,-0.99697,,-27.59838,,29.96590,,4.71873,,5.79865,
2012-09,0.61036,,-0.59247,,-25.73101,,30.00000,,5.20732,,6.57379,
2012-10,1.29259,,-1.19090,,30.00000,,-27.26428,,5.89218,,4.79079,
2012-11,0.82600,,-0.73512,,29.78649,,-26.20051,,6.46820,,5.10986,
2012-12,0.72540,,-0.60829,,29.99888,,-26.74215,,6.27840,,4.98562,
2013-01,0.36344,,-0.27304,,29.84616,,-24.03866,,7.60604,,6.12273,
2013-02,0.30802,,-0.20893,,29.99989,,-25.04581,,6.94503,,5.31097,
2013-03,0.18726,,-0.04564,,30.00000,,-25.50578,,7.05460,,5.32676,
2013-04,0.09775,,0.00522,,29.98352,,-25.24601,,7.34347,,5.67910,
2013-05,0.33921,,-0.26603,,30.00000,,-24.89738,,7.13920,,5.48369,
2013-06,0.78311,,-0.73449,,-25.18629,,30.00000,,5.41013,,6.76343,
2013-07,0.48448,,-0.41968,,-24.52953,,30.00000,,5.40747,,6.95210,
2013-08,0.95476,,-0.90743,,-24.98159,,29.91981,,5.23207,,6.58786,
2013-09,0.57760,,-0.42920,,-24.82588,,30.00000,,5.15841,,6.79861,
2013-10,0.59021,,-0.44077,,-24.82291,,30.00000,,5.35617,,7.05592,
2013-11,0.62237,,-0.46261,,-24.91933,,30.00000,,5.13506,,6.81678,
2013-12,0.76955,,-0.62676,,-5.70358,,11.18927,,3.43549,,8.88643,
2014-01,0.82787,,-0.64016,,-26.00840,,30.00000,,4.92369,,6.37529,
2014-02,1.08421,,-0.90934,,29.99669,,-26.31952,,6.45131,,5.10618,
2014-03,0.91548,,-0.67116,,30.00000,,-26.12843,,6.58910,,5.16306,
2014-04,0.87395,,-0.63501,,-26.27733,,30.00000,,5.24104,,6.63891,
2014-05,0.27305,,-0.09817,,-25.26110,,29.99993,,5.51725,,7.21883,
2014-06,0.18427,,-0.07889,,-25.12824,,30.00000,,5.77017,,7.49958,
2014-07,0.10079,,0.00080,,-25.25202,,29.96386,,5.87688,,7.54361,
2014-08,0.00016,,0.06495,,30.00000,,-25.82778,,7.80643,,6.26854,
2014-09,0.00228,,0.03407,,30.00000,,-25.60230,,7.78930,,6.10066,
2014-10,2.54192,,-2.73011,,25.48756,,-29.99948,,1.64856,,1.82828,
2014-11,2.38539,,-2.52380,,-30.00000,,25.97123,,1.96866,,1.79106,
2014-12,2.14449,,-2.37645,,26.11241,,-29.99782,,1.82970,,1.99969,
2015-01,1.53799,,-1.72069,,-24.69126,,21.83468,,2.19592,,2.05735,
2015-02,0.00012,,-0.13183,,30.00000,,-27.79243,,7.88265,,6.86142,
2015-03,0.97437,,-1.23715,,-30.00000,,28.02363,,1.95895,,1.89699,
2015-04,1.32324,,-1.57557,,-1.79783,,0.01532,,3.29526,,10.62628,
2015-05,0.46930,,-0.67415,,30.00000,,-28.30952,,6.48595,,5.78670,
2015-06,0.61250,,-0.84021,,-26.78858,,29.29365,,5.64995,,6.65600,
2015-07,0.74211,,-0.95124,,-7.58198,,8.96615,,4.78797,,7.70390,
2015-08,0.00010,,-0.21490,,12.85983,,-9.23206,,8.49736,,5.46717,
2015-09,0.00021,,-0.22090,,30.00000,,-26.70343,,7.61921,,6.45672,
2015-10,0.00039,,-0.27454,,9.84537,,-6.79839,,9.05896,,5.10291,
2015-11,0.00044,,-0.31131,,30.00000,,-26.98974,,7.42196,,6.17789,
2015-12,0.00698,,-0.38685,,29.98993,,-25.97234,,7.76139,,6.47600,
2016-01,0.00010,,-0.37225,,-27.65478,,30.00000,,6.07779,,7.11502,
2016-02,0.00010,,-0.41949,,21.01928,,-19.37407,,7.29171,,5.97233,
2016-03,0.00022,,-0.43630,,-28.10668,,30.00000,,6.64137,,7.56583,
2016-04,1.60800,,-2.21031,,26.38437,,-29.98360,,1.77300,,1.91008,
2016-05,1.48722,,-2.10391,,24.20078,,-27.65378,,1.80138,,1.94603,
2016-06,0.83366,,-1.51991,,27.20025,,-29.81352,,1.80380,,1.89838,
2016-07,0.79072,,-1.49237,,-0.00445,,-3.80696,,0.70120,,2.38485,
2016-08,0.86296,,-1.53240,,-21.10021,,18.52108,,1.95991,,1.80823,
2016-09,0.85359,,-1.61903,,-29.35170,,26.67020,,1.91671,,1.80187,
2016-10,1.33061,,-2.18835,,-0.14068,,-4.81700,,0.70931,,2.31295,
2016-11,0.55600,,-1.37525,,26.25197,,-25.38540,,5.62709,,5.03144,
2016-12,1.46745,,-2.60460,,-21.05146,,17.74190,,1.53950,,1.33560,
2017-01,1.78318,,-2.44890,,25.60004,,-30.00000,,1.51221,,1.61925,
2017-02,1.63301,,-2.57413,,16.24321,,-20.73842,,1.56949,,1.75779,
2017-03,1.71984,,-2.48265,,18.12741,,-22.27206,,1.70136,,1.84439,
2017-04,1.74353,,-2.37674,,-1.33117,,-5.61103,,0.63335,,2.22454,
2017-05,1.80291,,-2.42013,,-1.65132,,-6.39828,,0.45237,,2.11766,
2017-06,1.78529,,-2.59107,,-27.24948,,23.68634,,1.71336,,1.58797,
2017-07,1.76955,,-2.40812,,4.41393,,-5.79222,,4.68211,,3.23586,
2017-08,1.73866,,-2.52889,,0.03024,,-5.70445,,0.91346,,2.14135,
2017-09,1.88347,,-2.34000,,-4.06436,,-1.38362,,2.33709,,0.05894,
2017-10,1.60514,,-2.34387,,11.26804,,-12.62120,,4.53295,,3.83460,
2017-11,1.50869,,-2.24797,,-6.08562,,4.46099,,3.53360,,4.93970,
2017-12,1.82490,,-2.99863,,-2.17475,,1.08675,,2.90092,,0.34245,
2018-01,1.74025,,-2.26325,,-1.34203,,-3.81853,,0.86700,,2.03199,
2018-02,0.41782,,-0.98613,,-2.22361,,3.74091,,1.60823,,15.53999,
2018-03,1.60913,,-2.25762,,-2.88699,,0.02519,,2.17563,,0.18767,
2018-04,1.67419,,-2.30866,,-2.86418,,-0.00049,,2.15493,,0.01169,
2018-05,1.55157,,-2.13318,,-0.43020,,-4.88741,,0.78365,,1.92059,
2018-06,1.52490,,-2.11666,,-3.05367,,-0.00193,,2.33863,,2.47663,
2018-07,1.50259,,-2.15777,,-14.27100,,12.38646,,3.24725,,3.45732,
2018-08,1.49774,,-1.89326,,-3.15594,,-0.60307,,2.37444,,0.17206,
2018-09,1.50469,,-2.42261,,-2.13096,,0.77622,,2.38108,,0.29874,
2018-10,1.51697,,-2.68020,,-1.85746,,1.15255,,2.70582,,0.26976,
2018-11,1.49294,,-2.34102,,-2.54860,,0.55113,,2.57667,,0.37317,
2018-12,1.32893,,-2.28430,,-2.43281,,0.77987,,2.51503,,0.48829,
2019-01,1.24550,,-1.76439,,-2.47616,,-0.00276,,2.85921,,0.00841,
2019-02,1.26996,,-1.84097,,0.30720,,-3.92247,,1.39725,,2.55837,
2019-03,1.01340,,-1.55286,,-2.55887,,0.52372,,3.57753,,8.73732,
2019-04,1.24250,,-1.75350,,-0.05044,,-3.29737,,2.05164,,3.07315,
2019-05,0.94897,,-1.50180,,-0.00020,,-3.94467,,1.23964,,2.79426,
2019-06,0.72057,,-1.23719,,-2.54116,,-0.23013,,3.11396,,0.14734,
2019-07,0.70385,,-1.47406,,-2.25035,,0.40735,,3.78412,,0.41592,
2019-08,0.00082,,-0.71136,,-2.21852,,0.66798,,3.72013,,12.57311,
2019-09,0.38837,,-1.21913,,-1.68801,,0.54072,,4.42419,,0.28265,
2019-10,0.25297,,-0.86399,,-1.98654,,1.11062,,4.69813,,12.03238,
2019-11,0.51864,,-1.12572,,-1.86496,,0.15725,,3.68522,,1.11947,
2019-12,0.66472,,-1.36514,,-0.89154,,-2.95912,,0.60503,,2.80096,
2020-01,0.37248,,-0.93546,,1.31637,,-2.28161,,7.28383,,4.46117,
2020-02,0.00020,,-0.66216,,-2.41740,,1.44694,,5.14781,,8.83288,
2020-03,0.34116,,-1.13464,,-1.57002,,0.48919,,3.85498,,0.71070,
2020-04,0.00061,,-0.50482,,-1.76064,,0.52599,,3.19904,,14.41143,
2020-05,0.29571,,-0.86306,,-11.43023,,9.64806,,2.26892,,2.08265,
2020-06,0.27173,,-0.37865,,-2.50030,,-1.43785,,2.95077,,0.21103,
2020-07,0.17584,,-0.63181,,-2.00879,,-0.76620,,3.37615,,0.10388,
2020-08,0.40751,,-1.07332,,5.44439,,-7.51018,,1.94677,,2.32230,
2020-09,0.19289,,-0.62592,,-2.03786,,-2.21325,,3.39902,,0.03253,
2020-10,0.00830,,-0.73991,,-5.66554,,3.97292,,2.18782,,1.76639,
2020-11,0.10221,,-0.77133,,0.03858,,-2.41276,,1.12415,,2.99321,
2020-12,0.15429,,-1.02398,,-1.44649,,0.61031,,3.76681,,0.67370,
2021-01,0.27242,,-0.78576,,-2.08509,,-0.37305,,3.39840,,0.04496,
2021-02,0.49398,,-1.11593,,-2.09703,,0.37565,,2.73607,,0.90788,
2021-03,0.66498,,-0.87569,,-2.90588,,-1.07289,,2.68680,,0.16402,
2021-04,0.70588,,-0.99416,,-2.74526,,-0.83918,,2.64027,,0.17158,
2021-05,0.73187,,-1.40240,,-2.93815,,0.83686,,2.42195,,1.03320,
2021-06,0.61274,,-1.29686,,-8.09472,,5.92403,,2.04837,,1.73633,
2021-07,0.34160,,-1.01901,,-28.22787,,25.95844,,2.08352,,2.00490,
2021-08,0.33856,,-1.01653,,-22.06784,,19.95343,,2.19408,,2.09688,
2021-09,0.52527,,-1.03516,,-2.17213,,-2.86228,,2.56662,,0.01704,
2021-10,0.27248,,-1.08385,,-1.23134,,0.43421,,1.92279,,0.44522,
2021-11,0.11358,,-1.23206,,-1.10152,,0.89864,,2.50931,,0.41027,
2021-12,0.32994,,-1.10840,,-1.01065,,0.05147,,2.93927,,0.64206,
2022-01,0.39638,,-1.01974,,-1.20936,,-0.80565,,1.13037,,3.51587,
2022-02,0.57495,,-1.26876,,-1.35540,,-0.70385,,0.91373,,3.25740,
2022-03,0.74760,,-0.93205,,-0.14152,,-2.30564,,0.80216,,0.39091,
2022-04,1.65130,,-2.55804,,0.00440,,-1.94393,,1.24819,,10.21461,
2022-05,0.00012,,-0.83564,,1.49144,,4.37636,,1.12861,,13.43376,
2022-06,0.00015,,-0.92518,,1.99188,,5.66072,,0.68569,,12.14527,
2022-07,0.00015,,-0.32220,,4.42367,,1.11683,,11.74560,,0.33413,
2022-08,0.15064,,-0.72682,,5.59843,,3.73683,,10.74690,,1.09103,
2022-09,1.42768,,-8.76121,,8.71462,,2.52787,,0.14788,,8.92890,
2022-10,1.24486,,-1.89789,,4.24470,,3.30693,,0.34218,,10.11859,
2022-11,0.85950,,0.00010,,3.38186,,3.10108,,0.72262,,9.51586,
2022-12,0.90536,,0.08032,,4.34532,,4.88610,,0.82692,,10.61343,
2023-01,0.34379,,1.53521,,4.15322,,5.82586,,0.84303,,11.30844,
2023-02,0.76676,,1.59396,,4.44529,,5.45624,,0.87335,,11.63439,
2023-03,0.38285,,2.65802,,30.00000,,-27.54795,,8.44256,,7.32788,
2023-04,2.52137,,0.16827,,-29.80738,,30.00000,,1.21935,,1.14745,
2023-05,0.44523,,2.86485,,-25.98970,,28.21333,,6.82899,,8.22119,
2023-06,2.46680,,0.86711,,29.94300,,-29.34278,,1.25564,,1.33441,
